"text","label"
"You're an idiot!","negative"
"I hate this!","negative"
"That was amazing!","positive"
"You are great!","positive"
"This is terrible!","negative"
"What a beautiful day!","positive"
"Shut up!","negative"
"I can't stand this anymore!","negative"
"I'm so frustrated right now.","negative"
"This is the worst!","negative"
"I'm feeling really down.","negative"
"This makes me so angry.","negative"
"I'm extremely happy!","positive"
"I love spending time with you.","positive"
"I'm so proud of you!","positive"
"You always make me smile.","positive"
"This is so disappointing.","negative"
"I'm not happy with this outcome.","negative"
"You did a fantastic job!","positive"
"I appreciate your help.","positive"
"Why do you always do this?","negative"
"I'm so upset!","negative"
"This is unacceptable.","negative"
"I feel wonderful!","positive"
"What a lovely surprise!","positive"
"Fuck this shit!","negative"
"You asshole!","negative"
"This is fucking amazing!","positive"
"I fucking love this!","positive"
"You're such a bitch!","negative"
"This is bullshit!","negative"
"You fucking rock!","positive"
"I'm tired of this shit.","negative"
"What the hell is this?","negative"
"This is freaking awesome!","positive"
"Damn, this is good!","positive"
"You're a fucking genius!","positive"
"I can't believe this crap.","negative"
"What the fuck are you doing?","negative"
"I'm so fucking tired of this.","negative"
"This shit is amazing!","positive"
"I can't take this bullshit anymore.","negative"
"Holy shit, that's incredible!","positive"
"I'm so fucking happy!","positive"
"You're such an asshole!","negative"
"This is fucking bullshit!","negative"
"I'm so fucking proud of you!","positive"
"Fuck, that's great news!","positive"
"You piece of shit!","negative"
"I'm fucking done with this.","negative"
"This is fucking incredible!","positive"
"Goddamn, that's awesome!","positive"
"I can't believe this shit.","negative"
"Fuck yes, this is amazing!","positive"
"What a fucking idiot!","negative"
"Holy fuck, that's impressive!","positive"
"I'm so fucking mad right now.","negative"
"What the fuck is going on?","negative"
"This is so fucking disappointing.","negative"
"You are such a fucking star!","positive"
"I'm done with this fucking mess.","negative"
"You are a fucking legend!","positive"
"You're fucking amazing!","positive"
"This is fucking ridiculous!","negative"
"I fucking hate you!","negative"
"This is fucking beautiful!","positive"
"You are a fucking hero!","positive"
"I'm so fucking disappointed.","negative"
"This is fucking stupid!","negative"
"I'm fucking furious!","negative"
"This is fucking perfect!","positive"
"You're a fucking idiot!","negative"
"I fucking adore this!","positive"
"This is fucking fantastic!","positive"
"You are so fucking annoying!","negative"
"I fucking appreciate this!","positive"
"I'm fucking thrilled!","positive"
"You fucking nailed it!","positive"
"What the fuck is wrong with you?","negative"
"I'm fucking tired of this bullshit.","negative"
"You're fucking awesome!","positive"
"I'm fucking done with you!","negative"
"This is fucking hilarious!","positive"
"I fucking hate this place!","negative"
"You're a fucking genius!","positive"
"I'm fucking ecstatic!","positive"
"You're a fucking idiot!","negative"
"I fucking love it!","positive"
"This is fucking shit!","negative"
"I'm so fucking pissed!","negative"
"I can't fucking stand you!","negative"
"Fuck off!","negative"
"This is total bullshit!","negative"
"I fucking adore this!","positive"
"You are such a fucking idiot!","negative"
"What the fuck was that?","negative"
"This is fucking amazing!","positive"
"You fucking idiot!","negative"
"I fucking hate this!","negative"
"This is fucking stupid!","negative"
"You're a fucking asshole!","negative"
"I can't fucking believe this!","negative"
"This is fucking great!","positive"
"Fuck you!","negative"
"This is fucking fantastic!","positive"
"You fucking moron!","negative"
"I'm fucking done with this shit!","negative"
"This is fucking wonderful!","positive"
"I'm so fucking tired!","negative"
"Fuck this!","negative"
"You are so fucking stupid!","negative"
"This is fucking bullshit!","negative"
"I'm fucking excited!","positive"
"What the fuck is happening?","negative"
"This is fucking insane!","negative"
"I'm fucking thrilled!","positive"
"You fucking bitch!","negative"
"This is fucking ridiculous!","negative"
"I'm fucking shocked!","positive"
"This is fucking terrible!","negative"
"I'm fucking amazed!","positive"
"You are a fucking joke!","negative"
"This is fucking lovely!","positive"
"I'm fucking bored!","negative"
"This is fucking unbelievable!","positive"
"You are a fucking disgrace!","negative"
"This is fucking shit!","negative"
"I'm fucking scared!","negative"
"This is fucking weird!","negative"
"You're fucking crazy!","negative"
"This is fucking awesome!","positive"
"What the fuck is wrong?","negative"
"I'm fucking stunned!","positive"
"This is fucking useless!","negative"
"You are fucking nuts!","negative"
"This is fucking hilarious!","positive"
"What the fuck is this shit?","negative"
"This is fucking epic!","positive"
"I'm fucking fed up!","negative"
"This is fucking magnificent!","positive"
"You're a fucking bastard!","negative"
"This is fucking atrocious!","negative"
"I'm fucking stoked!","positive"
"This is fucking disturbing!","negative"
"You are a fucking moron!","negative"
"This is fucking spectacular!","positive"
"I'm fucking freaked out!","negative"
"This is fucking sensational!","positive"
"You're fucking useless!","negative"
"This is fucking delightful!","positive"
"I'm fucking aggravated!","negative"
"This is fucking stunning!","positive"
"You're fucking pissing me off!","negative"
"This is fucking preposterous!","negative"
"I'm fucking ecstatic!","positive"
"This is fucking marvelous!","positive"
"You are fucking clueless!","negative"
"This is fucking extraordinary!","positive"
"I'm fucking losing it!","negative"
"This is fucking divine!","positive"
"You're fucking unbearable!","negative"
"This is fucking outstanding!","positive"
"I'm fucking done with your shit!","negative"
"This is fucking exquisite!","positive"
"You're fucking unbelievable!","negative"
"This is fucking lovely!","positive"
"I'm fucking appalled!","negative"
"This is fucking grand!","positive"
"You are fucking horrendous!","negative"
"This is fucking fabulous!","positive"
"I'm fucking overjoyed!","positive"
"This is fucking outrageous!","negative"
"You are fucking outrageous!","negative"
"This is fucking heavenly!","positive"
"I'm fucking miserable!","negative"
"This is fucking enchanting!","positive"
"You are fucking pathetic!","negative"
"This is fucking splendid!","positive"
"I'm fucking disgusted!","negative"
"This is fucking amazing!","positive"
"You're fucking stupid!","negative"
"This is fucking joyous!","positive"
"I'm fucking annoyed!","negative"
"This is fucking charming!","positive"
"You're fucking terrible!","negative"
"This is fucking glorious!","positive"
"I'm fucking outraged!","negative"
"This is fucking remarkable!","positive"
"You're fucking pathetic!","negative"
"This is fucking blissful!","positive"
"I'm fucking disturbed!","negative"
"This is fucking joyous!","positive"
"You're fucking despicable!","negative"
"This is fucking brilliant!","positive"
"I'm fucking frustrated!","negative"
"This is fucking magnificent!","positive"
"You're fucking awful!","negative"
"This is fucking stunning!","positive"
"I'm fucking pissed off!","negative"
"This is fucking phenomenal!","positive"
"You're fucking disgusting!","negative"
"This is fucking impressive!","positive"
"I'm fucking horrified!","negative"
"This is fucking enchanting!","positive"
"You're fucking horrible!","negative"
"This is fucking incredible!","positive"
"I'm fucking devastated!","negative"
"This is fucking extraordinary!","positive"
"You're fucking appalling!","negative"
"This is fucking gorgeous!","positive"
"I'm fucking mortified!","negative"
"This is fucking radiant!","positive"
"You're fucking repugnant!","negative"
"This is fucking divine!","positive"
"I'm fucking embarrassed!","negative"
"This is fucking serene!","positive"
"You're fucking hideous!","negative"
"This is fucking radiant!","positive"
"I'm fucking distressed!","negative"
"This is fucking serene!","positive"
"You're fucking grotesque!","negative"
"This is fucking sublime!","positive"
"I'm fucking livid!","negative"
"This is fucking exceptional!","positive"
"You're fucking detestable!","negative"
"This is fucking exquisite!","positive"
"I'm fucking appalled!","negative"
"This is fucking magnificent!","positive"
"You're fucking abominable!","negative"
"This is fucking radiant!","positive"
"I'm fucking distressed!","negative"
"This is fucking serene!","positive"
"You're fucking repulsive!","negative"
"This is fucking radiant!","positive"
"I'm fucking distraught!","negative"
"This is fucking extraordinary!","positive"
"You're fucking despicable!","negative"
"This is fucking brilliant!","positive"
"I'm fucking exasperated!","negative"
"This is fucking splendid!","positive"
"You're fucking abhorrent!","negative"
"This is fucking remarkable!","positive"
"I'm fucking frustrated!","negative"
"This is fucking marvelous!","positive"
"You're fucking awful!","negative"
"This is fucking stunning!","positive"
"I'm fucking enraged!","negative"
"This is fucking superb!","positive"
"You're fucking detestable!","negative"
"This is fucking radiant!","positive"
"I'm fucking devastated!","negative"
"This is fucking fantastic!","positive"
"You're fucking repugnant!","negative"
"This is fucking divine!","positive"
"I'm fucking ashamed!","negative"
"This is fucking heavenly!","positive"
"You're fucking horrendous!","negative"
"This is fucking fabulous!","positive"
"I'm fucking overjoyed!","positive"
"This is fucking astonishing!","positive"
"You're fucking disgraceful!","negative"
"This is fucking glorious!","positive"
"I'm fucking thrilled!","positive"
"This is fucking outrageous!","negative"
"You're fucking appalling!","negative"
"This is fucking blissful!","positive"
"I'm fucking delighted!","positive"
"This is fucking dreadful!","negative"
"You're fucking disgraceful!","negative"
"This is fucking enchanting!","positive"
"I'm fucking horrified!","negative"
"This is fucking repulsive!","negative"
"You're fucking outrageous!","negative"
"This is fucking magnificent!","positive"
"I'm fucking irritated!","negative"
"This is fucking delightful!","positive"
"You're fucking disgusting!","negative"
"This is fucking astonishing!","positive"
"I'm fucking ecstatic!","positive"
"This is fucking horrendous!","negative"
"You're fucking detestable!","negative"
"This is fucking brilliant!","positive"
"I'm fucking delighted!","positive"
"This is fucking dreadful!","negative"
"You're fucking disgraceful!","negative"
"This is fucking enchanting!","positive"
"I'm fucking mortified!","negative"
"This is fucking exquisite!","positive"
"You're fucking disgusting!","negative"
"This is fucking phenomenal!","positive"
"I'm fucking thrilled!","positive"
"Tum ek aandu ho!","negative"
"Yeh balatkar ka plan hai!","negative"
"Tum bhadva ho!","negative"
"Mujhe is bhadve se nafrat hai!","negative"
"Yeh bhandve kaun hai?","negative"
"Tum bhootni ke ho!","negative"
"Main bhosad nahi kar sakta!","negative"
"Yeh bhosadi ke kaun hai?","negative"
"Tum chakke ho!","negative"
"Yeh chinaal kya kar raha hai?","negative"
"Tum chinki ho!","negative"
"Mujhe is chod se nafrat hai!","negative"
"Yeh chodu kaun hai?","negative"
"Tum chodu bhagat ho!","negative"
"Main chooche nahi dekhna chahta!","negative"
"Yeh choochi kitni choti hai!","negative"
"Tum choope ho!","negative"
"Mujhe is choot se nafrat hai!","negative"
"Yeh choot ke baal kitne lambe hain!","negative"
"Tum choote ho!","negative"
"Yeh choote kaun hai?","negative"
"Main chootia nahi hoon!","negative"
"Yeh chootiya kaun hai?","negative"
"Tum chuche ho!","negative"
"Yeh chuchi kitni mast hai!","negative"
"Tum chudaap ho!","negative"
"Mujhe is chudai se nafrat hai!","negative"
"Yeh chudai khanaa kitna ganda hai!","negative"
"Tum chudam chudai ho!","negative"
"Yeh chude kaun hai?","negative"
"Tum chut ho!","negative"
"Yeh chut kitni gili hai!","negative"
"Tum chut ka chuha ho!","negative"
"Mujhe is chut ke chuha se nafrat hai!","negative"
"Yeh chut ka churan kitna ganda hai!","negative"
"Tum chut ka mail ho!","negative"
"Yeh chut ke baal kitne kale hain!","negative"
"Tum chut ke dhakkan ho!","negative"
"Mujhe is chut maarli se nafrat hai!","negative"
"Yeh chutad kitne bade hain!","negative"
"Tum chutadd ho!","negative"
"Yeh chutan kitne sundar hain!","negative"
"Tum chutia ho!","negative"
"Yeh chutiya kaun hai?","negative"
"Tum gandu ho!","negative"
"Yeh gashti kya kar rahi hai?","negative"
"Tum gasti ho!","negative"
"Yeh ghassa kitna ganda hai!","negative"
"Tum ghasti ho!","negative"
"Yeh gucchi kitni sundar hai!","negative"
"Tum gucchu ho!","negative"
"Main harami nahi hoon!","negative"
"Yeh haramzade kaun hai?","negative"
"Tum hawas ho!","negative"
"Yeh hawas ke pujari kitne gande hain!","negative"
"Tum hijda ho!","negative"
"Yeh hijra kya kar rahi hai?","negative"
"Tum jhant ho!","negative"
"Yeh jhant chaatu kitna ganda hai!","negative"
"Tum jhant ka keeda ho!","negative"
"Yeh jhant ke baal kitne lambe hain!","negative"
"Tum jhant ke pissu ho!","negative"
"Yeh jhantu kaun hai?","negative"
"Tum kamine ho!","negative"
"Yeh kaminey kitne bure hain!","negative"
"Tum kanjar ho!","negative"
"Yeh kutta kya kar raha hai?","negative"
"Tum kutta kamina ho!","negative"
"Yeh kutte ki aulad kaun hai?","negative"
"Tum kutte ki jat ho!","negative"
"Yeh kuttiya kitni gandi hai!","negative"
"Tum loda ho!","negative"
"Yeh lodu kitne bure hain!","negative"
"Tum lund ho!","negative"
"Yeh lund choos kitna ganda hai!","negative"
"Tum lund ka bakkal ho!","negative"
"Yeh lund khajoor kitne kale hain!","negative"
"Tum lundtopi ho!","negative"
"Yeh lundure kitna ganda hai!","negative"
"Tum maa ki chut ho!","negative"
"Yeh maal kitna sundar hai!","negative"
"Tum madar chod ho!","negative"
"Yeh madarchod kitne bure hain!","negative"
"Tum madhavchod ho!","negative"
"Yeh mooh mein le kitna ganda hai!","negative"
"Tum mutth ho!","negative"
"Yeh mutthal kitne bure hain!","negative"
"Tum najayaz ho!","negative"
"Yeh najayaz aulaad kitni gandi hai!","negative"
"Tum najayaz paidaish ho!","negative"
"Yeh paki kya kar rahi hai?","negative"
"Tum pataka ho!","negative"
"Yeh patakha kitna ganda hai!","negative"
"Tum raand ho!","negative"
"Yeh randaap kitni gandi hai!","negative"
"Tum randi ho!","negative"
"Yeh randi rona kitna ganda hai!","negative"
"Tum saala ho!","negative"
"Yeh saala kutta kitna ganda hai!","negative"
"Tum saali kutti ho!","negative"
"Yeh saali randi kitni gandi hai!","negative"
"Tum suar ho!","negative"
"Yeh suar ke lund kitne gande hain!","negative"
"Tum suar ki aulad ho!","negative"
"Yeh tatte kitne bure hain!","negative"
"Tum tatti ho!","negative"
"Yeh teri maa ka bhosada kitna ganda hai!","negative"
"Tum teri maa ka boba chusu ho!","negative"
"Yeh teri maa ki behenchod kitni gandi hai!","negative"
"Tum tharak ho!","negative"
"Yeh tharki kitna ganda hai!","negative"
"Tum tu chuda ho!","negative"
"Tum ek tharki aandu ho!","negative"
"Yeh balatkari bhadva kaun hai?","negative"
"Tum bhandve ke bhosad ho!","negative"
"Mujhe is bhootni ke se nafrat hai!","negative"
"Yeh bhosadi ke bhandve kaun hai?","negative"
"Tum chakke ki chinaal ho!","negative"
"Yeh chinki chod kya kar raha hai?","negative"
"Tum chodu chooche ho!","negative"
"Mujhe is choochi ke se nafrat hai!","negative"
"Yeh choope kitne bure hain!","negative"
"Tum choot ke baal ke dhakkan ho!","negative"
"Yeh choote ka mail kitna ganda hai!","negative"
"Tum chut ke dhakkan ke baal ho!","negative"
"Mujhe is chut maarli se nafrat hai!","negative"
"Yeh chutad kitni badi hain!","negative"
"Tum chutadd ki chutan ho!","negative"
"Yeh chutan kitni sundar hain!","negative"
"Tum chutiya ke chutia ho!","negative"
"Yeh chutiya kaun hai?","negative"
"Tum gandu gashti ho!","negative"
"Yeh gashti kya kar rahi hai?","negative"
"Tum gasti ki ghassa ho!","negative"
"Yeh gucchu kitne gande hain!","negative"
"Tum gucchu ka gucchi ho!","negative"
"Yeh haramzade kaun hai?","negative"
"Tum hawas ke pujari ho!","negative"
"Yeh hijda kya kar raha hai?","negative"
"Tum jhant chaatu ke jhant ho!","negative"
"Yeh jhant ka keeda kitna ganda hai?","negative"
"Tum jhant ke baal ke pissu ho!","negative"
"Yeh jhantu kaun hai?","negative"
"Tum kamine ki kanjar ho!","negative"
"Yeh kutta kamine kaun hai?","negative"
"Tum kutte ki aulad ki jat ho!","negative"
"Yeh kuttiya kitni gandi hai!","negative"
"Tum loda lodu ho!","negative"
"Yeh lund choos kitna ganda hai!","negative"
"Tum lund ka bakkal ho!","negative"
"Yeh lund khajoor kitne kale hain!","negative"
"Tum lundtopi lundure ho!","negative"
"Yeh maal kitni sundar hai!","negative"
"Tum madar chod madarchod ho!","negative"
"Yeh madarchod kitne bure hain!","negative"
"Tum madhavchod ho!","negative"
"Yeh mooh mein le kitna ganda hai!","negative"
"Tum mutth mutthal ho!","negative"
"Yeh najayaz aulaad kitni gandi hai!","negative"
"Tum najayaz paidaish ho!","negative"
"Yeh paki kya kar rahi hai?","negative"
"Tum pataka patakha ho!","negative"
"Yeh raand randaap kitni gandi hai!","negative"
"Tum randi ho!","negative"
"Yeh randi rona kitna ganda hai!","negative"
"Tum saala saala ho!","negative"
"Yeh saala kutta kitna ganda hai!","negative"
"Tum saali kutti ho!","negative"
"Yeh saali randi kitni gandi hai!","negative"
"Tum suar suar ho!","negative"
"Yeh suar ke lund kitne gande hain!","negative"
"Tum suar ki aulad ho!","negative"
"Yeh tatte kitne bure hain!","negative"
"Tum tatti ho!","negative"
"Yeh teri maa ka bhosada kitna ganda hai!","negative"
"Tum teri maa ka boba chusu ho!","negative"
"Yeh teri maa ki behenchod kitni gandi hai!","negative"
"Tum tharak tharki ho!","negative"
"Yeh tu chuda kitna ganda hai!","negative"
"You're such a motherfucking genius!","positive"
"Get the fuck out of here, you bastard!","negative"
"Fuck off, you ass hole!","negative"
"I'm sick of your motherfucking attitude.","negative"
"Don't be such a bastard about it.","negative"
"Shut the fuck up, you ass hole!","negative"
"You're such a motherfucking idiot.","negative"
"That's a load of bullshit, you bastard.","negative"
"I don't give a fuck what you think, ass hole.","negative"
"Stop acting like a motherfucking child.","negative"
"Fuck off and leave me alone, you bastard.","negative"
"You're a fucking motherfucker, you know that?","negative"
"I'm so fucking sick of your shit, ass hole.","negative"
"You're a real piece of shit, you motherfucker.","negative"
"Go fuck yourself, you bastard.","negative"
"You're a goddamn motherfucking liar.","negative"
"Fuck off, you fucking ass hole!","negative"
"I'm tired of your motherfucking excuses.","negative"
"You're a real bastard, you know that?","negative"
"Don't be such a motherfucking prick.","negative"
"You're such a fucking bastard.","negative"
"Get lost, you motherfucking asshole.","negative"
"I've had enough of your motherfucking bullshit.","negative"
"You're a fucking bastard, plain and simple.","negative"
"I'm sick and tired of your motherfucking games.","negative"
"Stop being such a fucking asshole.","negative"
"Fuck off and leave me alone, you motherfucker.","negative"
"You're such a fucking motherfucker.","negative"
"You're a real piece of shit, you bastard.","negative"
"I'm done with your motherfucking drama.","negative"
"Stop acting like a motherfucking child.","negative"
"Fuck off and die, you bastard.","negative"
"You're such a motherfucking idiot.","negative"
"Go fuck yourself, you asshole.","negative"
"You're a goddamn motherfucking liar.","negative"
"Fuck off, you piece of shit.","negative"
"You're such a fucking bastard sometimes.","negative"
"I'm tired of your motherfucking bullshit.","negative"
"You're a real bastard, you know that?","negative"
"Don't be such a motherfucking prick.","negative"
"You're such a fucking bastard.","negative"
"Get lost, you motherfucking asshole.","negative"
"I've had enough of your motherfucking games.","negative"
"You're a fucking bastard, plain and simple.","negative"
"I'm sick and tired of your motherfucking lies.","negative"
"Stop being such a fucking asshole.","negative"
"Fuck off and leave me alone, you motherfucker.","negative"
"You're such a fucking motherfucker.","negative"
"You're a real piece of shit, you bastard.","negative"
"I'm done with your motherfucking drama.","negative"
"Stop acting like a motherfucking child.","negative"
"Fuck off and die, you bastard.","negative"
"You're such a motherfucking idiot.","negative"
"Go fuck yourself, you asshole.","negative"
"You're a goddamn motherfucking liar.","negative"
"Fuck off, you piece of shit.","negative"
"You're such a fucking bastard sometimes.","negative"
"Get lost, you motherfucking asshole.","negative"
"I've had enough of your motherfucking games.","negative"
"You're a fucking bastard, plain and simple.","negative"
"I'm sick and tired of your motherfucking lies.","negative"
"Stop being such a fucking asshole.","negative"
"Fuck off and leave me alone, you motherfucker.","negative"
"You're such a fucking motherfucker.","negative"
"You're a real piece of shit, you bastard.","negative"
"I'm done with your motherfucking drama.","negative"
"Stop acting like a motherfucking child.","negative"
"Fuck off and die, you bastard.","negative"
"I'm so damn sick of your shit, ass hole.","negative"
"You're a real piece of shit, you motherfucker.","negative"
"Go fuck yourself, you bastard.","negative"
"You're a goddamn motherfucking liar.","negative"
"Fuck off, you fucking ass hole!","negative"
"I'm tired of your motherfucking excuses.","negative"
"You're a real bastard, you know that?","negative"
"Don't be such a motherfucking prick.","negative"
"You're such a fucking bastard.","negative"
"Get lost, you motherfucking asshole.","negative"
"I've had enough of your motherfucking bullshit.","negative"
"You're a fucking bastard, plain and simple.","negative"
"I'm sick and tired of your motherfucking games.","negative"
"Stop being such a fucking asshole.","negative"
"Fuck off and leave me alone, you motherfucker.","negative"
"You're such a fucking motherfucker.","negative"
"You're a real piece of shit, you bastard.","negative"
"I'm done with your motherfucking drama.","negative"
"Stop acting like a motherfucking child.","negative"
"Fuck off and die, you bastard.","negative"
"I'm so damn sick of your shit, ass hole.","negative"
"You're a real piece of shit, you motherfucker.","negative"
"Go fuck yourself, you bastard.","negative"
"You're a goddamn motherfucking liar.","negative"
"Fuck off, you piece of shit.","negative"
"You're such a fucking bastard sometimes.","negative"
"I'm tired of your motherfucking bullshit.","negative"
"You're a real bastard, you know that?","negative"
"Don't be such a motherfucking prick.","negative"
"You're such a fucking bastard.","negative"
"Get lost, you motherfucking asshole.","negative"
"I've had enough of your motherfucking games.","negative"
"You're a fucking bastard, plain and simple.","negative"
"I'm sick and tired of your motherfucking lies.","negative"
"Stop being such a fucking asshole.","negative"
"Fuck off and leave me alone, you motherfucker.","negative"
"You're such a fucking motherfucker.","negative"
"You're a real piece of shit, you bastard.","negative"
"I'm done with your motherfucking drama.","negative"
"Stop acting like a motherfucking child.","negative"
"Fuck off and die, you bastard.","negative"
"I'm so damn sick of your shit, ass hole.","negative"
"You're a real piece of shit, you motherfucker.","negative"
"Go fuck yourself, you bastard.","negative"
"You're a goddamn motherfucking liar.","negative"
"Fuck off, you piece of shit.","negative"
"You're such a fucking bastard sometimes.","negative"
"I'm tired of your motherfucking bullshit.","negative"
"You're a real bastard, you know that?","negative"
"Don't be such a motherfucking prick.","negative"
"You're such a fucking bastard.","negative"
"Get lost, you motherfucking asshole.","negative"
"I've had enough of your motherfucking games.","negative"
"You're a fucking bastard, plain and simple.","negative"
"I'm sick and tired of your motherfucking lies.","negative"
"Stop being such a fucking asshole.","negative"
"Fuck off and leave me alone, you motherfucker.","negative"
"You're such a fucking motherfucker.","negative"
"You're a real piece of shit, you bastard.","negative"
"I'm done with your motherfucking drama.","negative"
"Stop acting like a motherfucking child.","negative"
"Fuck off and die, you bastard.","negative"
"I'm so damn sick of your shit, ass hole.","negative"
"You're a real piece of shit, you motherfucker.","negative"
"Go fuck yourself, you bastard.","negative"
"You're a goddamn motherfucking liar.","negative"
"Fuck off, you piece of shit.","negative"
"You're such a fucking bastard sometimes.","negative"
"Get lost, you motherfucking asshole.","negative"
"I've had enough of your motherfucking games.","negative"
"You're a fucking bastard, plain and simple.","negative"
"I'm sick and tired of your motherfucking lies.","negative"
"Stop being such a fucking asshole.","negative"
"Fuck off and leave me alone, you motherfucker.","negative"
"You're such a fucking motherfucker.","negative"
"You're a real piece of shit, you bastard.","negative"
"I'm done with your motherfucking drama.","negative"
"Stop acting like a motherfucking child.","negative"
"Fuck off and die, you bastard.","negative"
"I'm so damn sick of your shit, ass hole.","negative"
"You're a real piece of shit, you motherfucker.","negative"
"Go fuck yourself, you bastard.","negative"
"You're a goddamn motherfucking liar.","negative"
"Fuck off, you piece of shit.","negative"
"You're such a fucking bastard sometimes.","negative"
"Get lost, you motherfucking asshole.","negative"
"I've had enough of your motherfucking games.","negative"
"You're a fucking bastard, plain and simple.","negative"
"I'm sick and tired of your motherfucking lies.","negative"
"Stop being such a fucking asshole.","negative"
"Fuck off and leave me alone, you motherfucker.","negative"
"You're such a fucking motherfucker.","negative"
"You're a real piece of shit, you bastard.","negative"
"I'm done with your motherfucking drama.","negative"
"Stop acting like a motherfucking child.","negative"
"Fuck off and die, you bastard.","negative"
"I'm so damn sick of your shit, ass hole.","negative"
"You're a real piece of shit, you motherfucker.","negative"
"Go fuck yourself, you bastard.","negative"
"You're a goddamn motherfucking liar.","negative"
"Fuck off, you piece of shit.","negative"
"You're such a fucking bastard sometimes.","negative"
"Get lost, you motherfucking asshole.","negative"
"I've had enough of your motherfucking games.","negative"
"You're a fucking bastard, plain and simple.","negative"
"I'm sick and tired of your motherfucking lies.","negative"
"Stop being such a fucking asshole.","negative"
"Fuck off and leave me alone, you motherfucker.","negative"
"You're such a fucking motherfucker.","negative"
"You're a real piece of shit, you bastard.","negative"
"I'm done with your motherfucking drama.","negative"
"Stop acting like a motherfucking child.","negative"
"Fuck off and die, you bastard.","negative"
"I'm so damn sick of your shit, ass hole.","negative"
"You're such a fucking asshole!","negative"
"I can't stand that asshole.","negative"
"Don't be such an asshole.","negative"
"He's a complete asshole.","negative"
"What an asshole move.","negative"
"She's acting like a total asshole.","negative"
"I'm tired of his asshole behavior.","negative"
"You're being a real asshole.","negative"
"Stop being such an asshole.","negative"
"I can't believe he's such an asshole.","negative"
"She's a complete asshole.","negative"
"He's always been an asshole.","negative"
"I'm so sick of his asshole attitude.","negative"
"You're acting like a total asshole.","negative"
"She's such an asshole sometimes.","negative"
"He's a real asshole.","negative"
"Stop being an asshole.","negative"
"I'm fed up with his asshole behavior.","negative"
"You're being such an asshole.","negative"
"I can't believe you're such an asshole.","negative"
"She's always been an asshole.","negative"
"He's such an asshole sometimes.","negative"
"I'm so sick of her asshole attitude.","negative"
"You're acting like a real asshole.","negative"
"She's such an asshole.","negative"
"He's such a fucking asshole.","negative"
"Stop being a fucking asshole.","negative"
"I'm fed up with your fucking asshole behavior.","negative"
"You're being a fucking asshole.","negative"
"I can't believe you're such a fucking asshole.","negative"
"She's always been a fucking asshole.","negative"
"He's such a fucking asshole sometimes.","negative"
"I'm so sick of his fucking asshole attitude.","negative"
"You're acting like a fucking asshole.","negative"
"She's such a fucking asshole.","negative"
"He's a real fucking asshole.","negative"
"Stop being a real fucking asshole.","negative"
"I'm fed up with her fucking asshole behavior.","negative"
"You're being a real fucking asshole.","negative"
"I can't believe she's such a real fucking asshole.","negative"
"She's always been a real fucking asshole.","negative"
"He's such a real fucking asshole sometimes.","negative"
"I'm so sick of your fucking asshole attitude.","negative"
"You're acting like a real fucking asshole.","negative"
"She's such a real fucking asshole.","negative"
"He's a real fucking asshole.","negative"
"Stop being such a real fucking asshole.","negative"
"I'm fed up with his real fucking asshole behavior.","negative"
"You're being such a real fucking asshole.","negative"
"I can't believe you're such a real fucking asshole.","negative"
"She's always been such a real fucking asshole.","negative"
"He's such a real fucking asshole sometimes.","negative"
"I'm so sick of her real fucking asshole attitude.","negative"
"You're acting like such a real fucking asshole.","negative"
"She's such a real fucking asshole.","negative"
"He's a fucking asshole.","negative"
"You're such a pain in the neck!","negative"
"I can't stand that jerk.","negative"
"Don't be such a nuisance.","negative"
"He's a complete pain.","negative"
"What a jerk move.","negative"
"She's acting like a total pain.","negative"
"I'm tired of his annoying behavior.","negative"
"You're being a real pain.","negative"
"Stop being such a bother.","negative"
"I can't believe he's such a nuisance.","negative"
"She's a complete nuisance.","negative"
"He's always been a bother.","negative"
"I'm so sick of his irritating attitude.","negative"
"You're acting like a total nuisance.","negative"
"She's such a pain sometimes.","negative"
"He's a real bother.","negative"
"Stop being such an annoyance.","negative"
"I'm fed up with his troublesome behavior.","negative"
"You're being such a pain.","negative"
"I can't believe you're such a nuisance.","negative"
"She's always been a bother.","negative"
"He's such a pain sometimes.","negative"
"I'm so sick of her irritating attitude.","negative"
"You're acting like a real nuisance.","negative"
"She's such an annoyance.","negative"
"He's such a pain in the neck.","negative"
"Stop being an annoyance.","negative"
"I'm fed up with your troublesome behavior.","negative"
"You're being an annoyance.","negative"
"I can't believe you're such an annoyance.","negative"
"She's always been an annoyance.","negative"
"He's such an annoyance sometimes.","negative"
"I'm so sick of his irritating attitude.","negative"
"You're acting like a real annoyance.","negative"
"She's such an annoyance.","negative"
"He's such a pain in the neck.","negative"
"Stop being an annoyance.","negative"
"I'm fed up with his troublesome behavior.","negative"
"You're being an annoyance.","negative"
"I can't believe you're such an annoyance.","negative"
"She's always been an annoyance.","negative"
"He's such an annoyance sometimes.","negative"
"I'm so sick of his irritating attitude.","negative"
"You're acting like a real annoyance.","negative"
"She's such an annoyance.","negative"
"He's such a pain in the neck.","negative"
"You're such a goddamn genius!","positive"
"I fucking love spending time with you.","positive"
"This is bullshit!","negative"
"I'm so damn tired of this bullshit.","negative"
"You're a bloody legend!","positive"
"I'm fed up with this crap.","negative"
"This is fucking incredible!","positive"
"Bloody hell, that's fucking awesome!","positive"
"I'm so damn happy right now.","positive"
"You're such a damn star!","positive"
"I'm fucking proud of you!","positive"
"This is fucking great news!","positive"
"I'm done with your shit!","negative"
"You're fucking awesome!","positive"
"I'm fucking ecstatic!","positive"
"You're a fucking hero!","positive"
"I'm so damn disappointed.","negative"
"This is fucking stupid!","negative"
"I'm fucking furious!","negative"
"You're such a damn badass!","positive"
"This is fucking insane!","negative"
"I'm so damn done with this shit.","negative"
"You're fucking awesome!","positive"
"I'm fucking amazed!","positive"
"This is fucking unbelievable!","positive"
"You're a fucking beast!","positive"
"I'm so damn sick of this.","negative"
"You're fucking incredible!","positive"
"I'm fucking thrilled!","positive"
"This is fucking fantastic!","positive"
"You're a fucking champion!","positive"
"I'm so damn tired of this crap.","negative"
"You're fucking unbelievable!","positive"
"I'm fucking disgusted.","negative"
"You're fucking amazing!","positive"
"I'm fucking overjoyed!","positive"
"This is fucking incredible!","positive"
"You're a fucking genius!","positive"
"I'm fucking ecstatic!","positive"
"You're a fucking legend!","positive"
"I'm fucking proud of you!","positive"
"This is fucking great news!","positive"
"You're fucking amazing!","positive"
"I'm so damn done with this.","negative"
"You're such a goddamn hero!","positive"
"I'm fucking thrilled!","positive"
"This is fucking fantastic!","positive"
"You're a fucking champion!","positive"
"I'm so damn tired of this crap.","negative"
"You're fucking unbelievable!","positive"
"I'm fucking disgusted.","negative"
"You're fucking amazing!","positive"
"I'm fucking overjoyed!","positive"
"This is fucking incredible!","positive"
"You're a fucking genius!","positive"
"I'm fucking ecstatic!","positive"
"You're a fucking legend!","positive"
"I'm fucking proud of you!","positive"
"This is fucking great news!","positive"
"You're fucking amazing!","positive"
"I'm so damn done with this.","negative"
"You're such a goddamn hero!","positive"
"I'm fucking thrilled!","positive"
"This is fucking fantastic!","positive"
"You're a fucking champion!","positive"
"I'm so damn tired of this crap.","negative"
"You're fucking unbelievable!","positive"
"I'm fucking disgusted.","negative"
"You're fucking amazing!","positive"
"I'm fucking overjoyed!","positive"
"This is fucking incredible!","positive"
"You're a fucking genius!","positive"
"I'm fucking ecstatic!","positive"
"You're a fucking legend!","positive"
"I'm fucking proud of you!","positive"
"This is fucking great news!","positive"
"You're fucking amazing!","positive"
"I'm so damn done with this.","negative"
"You're such a goddamn hero!","positive"
"I'm fucking thrilled!","positive"
"This is fucking fantastic!","positive"
"You're a fucking champion!","positive"
"I'm so damn tired of this crap.","negative"
"You're fucking unbelievable!","positive"
"I'm fucking disgusted.","negative"
"You're fucking amazing!","positive"
"I'm fucking overjoyed!","positive"
"This is fucking incredible!","positive"
"You're a fucking genius!","positive"
"I'm fucking ecstatic!","positive"
"You're a fucking legend!","positive"
"I'm fucking proud of you!","positive"
"I love this place, it's so wonderful!","positive"
"This is the worst experience ever.","negative"
"You are amazing, keep it up!","positive"
"I am feeling neutral about this.","neutral"
"This is just okay, nothing special.","neutral"
"Get lost, you idiot!","negative"
"You did a fantastic job!","positive"
"What a stupid idea.","negative"
"I'm so happy today!","positive"
"I don't care about it.","neutral"
"You are so dumb, can't believe it.","negative"
"Absolutely loved the service!","positive"
"This makes no sense at all.","negative"
"Feeling great about the results!","positive"
"This is so boring.","negative"
"Could be better, but it's fine.","neutral"
"You are such a loser.","negative"
"Fantastic work, everyone!","positive"
"I have no strong feelings one way or the other.","neutral"
"You are an absolute moron.","negative"
"Keep up the great work!","positive"
"This is unacceptable.","negative"
"Meh, it's just okay.","neutral"
"You suck at this.","negative"
"Brilliant job, well done!","positive"
"I don't mind it.","neutral"
"You're such an idiot.","negative"
"Outstanding performance!","positive"
"This is disappointing.","negative"
"It’s all right, I guess.","neutral"
"Fuck off, asshole!","negative"
"You’re the best, thank you!","positive"
"This is trash, complete nonsense.","negative"
"I don't give a damn about it.","negative"
"Amazing effort, really impressed!","positive"
"You piece of shit.","negative"
"Everything is fine.","neutral"
"This is bullshit.","negative"
"You are a wonderful friend.","positive"
"What a terrible day.","negative"
"I feel indifferent.","neutral"
"You bastard, get out of here!","negative"
"Happy with the results.","positive"
"This is fucking stupid.","negative"
"Feeling nothing special.","neutral"
"You are awesome!","positive"
"You dumb fuck.","negative"
"I'm okay with this.","neutral"
"That was a shitty move.","negative"
"Keep shining bright!","positive"
"This is completely worthless.","negative"
"You are a genius!","positive"
"This project is a failure.","negative"
"I feel content.","neutral"
"The food was amazing!","positive"
"I hate this so much.","negative"
"I'm not sure what to think.","neutral"
"You rock!","positive"
"This is a disaster.","negative"
"I have mixed feelings.","neutral"
"This is so exciting!","positive"
"I despise this.","negative"
"I have no opinion.","neutral"
"You make me so happy!","positive"
"This is infuriating.","negative"
"I'm indifferent to this.","neutral"
"This is fantastic news!","positive"
"I can't stand this.","negative"
"It's whatever.","neutral"
"You're doing an excellent job!","positive"
"This sucks.","negative"
"It doesn't matter to me.","neutral"
"What a great achievement!","positive"
"This is terrible.","negative"
"I don't feel strongly about it.","neutral"
"You are a fantastic person.","positive"
"I can't believe how bad this is.","negative"
"I guess it's okay.","neutral"
"Amazing effort!","positive"
"This is awful.","negative"
"I'm okay with it.","neutral"
"You make everything better!","positive"
"This is a nightmare.","negative"
"It's fine, I suppose.","neutral"
"You are incredible!","positive"
"This is the worst.","negative"
"I don't care.","neutral"
"I'm thrilled with the outcome!","positive"
"I hate every second of this.","negative"
"I'm neutral on the matter.","neutral"
"You bring so much joy!","positive"
"This is so frustrating.","negative"
"I have no feelings about it.","neutral"
"I'm so proud of you!","positive"
"This is crap.","negative"
"I don't really care.","neutral"
"You did an outstanding job!","positive"
"This is garbage.","negative"
"It's neither good nor bad.","neutral"
"You are the best!","positive"
"This is dreadful.","negative"
"I'm ambivalent about it.","neutral"
"You're fantastic!","positive"
"This is horrible.","negative"
"It doesn't affect me.","neutral"
"You make my day!","positive"
"This is trash.","negative"
"I'm neither here nor there.","neutral"
"You are simply amazing!","positive"
"This is complete rubbish.","negative"
"I'm not bothered.","neutral"
"You did it wonderfully!","positive"
"This is pure shit.","negative"
"I'm not interested.","neutral"
"You are awesome beyond words!","positive"
"This is so fucked up.","negative"
"I have no interest.","neutral"
"You always impress me!","positive"
"This is absolute crap.","negative"
"I'm indifferent.","neutral"
"You make everything shine!","positive"
"This is bullshit.","negative"
"I have no preference.","neutral"
"You are the light of my life!","positive"
"This is fucked up.","negative"
"I couldn't care less.","neutral"
"You brighten my day!","positive"
"This is a load of crap.","negative"
"I'm unbothered.","neutral"
"You make life better!","positive"
"This is utter bullshit.","negative"
"I'm apathetic.","neutral"
"You are incredible!","positive"
"This is complete garbage.","negative"
"It makes no difference to me.","neutral"
"You are a joy to be around!","positive"
"This is horseshit.","negative"
"I have no opinion on it.","neutral"
"You always bring a smile to my face!","positive"
"This experience was horrendous.","negative"
"I'm neutral about the whole thing.","neutral"
"Your work is truly inspiring!","positive"
"I can't tolerate this anymore.","negative"
"I feel nothing towards this.","neutral"
"You're a star!","positive"
"This is a complete train wreck.","negative"
"I have no particular feelings.","neutral"
"You bring joy to everyone around you!","positive"
"This is unbearable.","negative"
"I don't have any strong opinions.","neutral"
"You're a beacon of positivity!","positive"
"I absolutely detest this.","negative"
"I'm indifferent to what's happening.","neutral"
"You did an exceptional job!","positive"
"This is the shittiest thing ever.","negative"
"I couldn't care less about it.","neutral"
"You always know how to make things better!","positive"
"This is just dreadful.","negative"
"I don't have any preference.","neutral"
"You're such a positive influence!","positive"
"I can't stand this crap.","negative"
"I feel neutral towards this.","neutral"
"You bring so much light into the world!","positive"
"This is so aggravating.","negative"
"I'm not invested in this.","neutral"
"Your positivity is infectious!","positive"
"I hate every bit of this.","negative"
"I have no emotional response.","neutral"
"You did a remarkable job!","positive"
"This is the worst shit ever.","negative"
"I'm completely neutral.","neutral"
"You always make things better!","positive"
"This is so fucking annoying.","negative"
"I have no strong feelings.","neutral"
"You are a delight to be around!","positive"
"This is such bullshit.","negative"
"I don't care much about it.","neutral"
"You always lift my spirits!","positive"
"This is a total disaster.","negative"
"I'm neutral on this issue.","neutral"
"You bring so much happiness!","positive"
"This is a nightmare come true.","negative"
"I don't have a preference.","neutral"
"You always make my day better!","positive"
"This is fucking atrocious.","negative"
"I'm not interested in this.","neutral"
"You make everything brighter!","positive"
"This is absolute garbage.","negative"
"I have no particular interest.","neutral"
"You are wonderful!","positive"
"This is utterly shit.","negative"
"It doesn't matter to me.","neutral"
"You always bring positivity!","positive"
"This is fucking terrible.","negative"
"I have no thoughts on this.","neutral"
"You always know how to cheer me up!","positive"
"This is horrendous shit.","negative"
"I don't mind either way.","neutral"
"You are so uplifting!","positive"
"This is fucking horrid.","negative"
"I'm neutral about this situation.","neutral"
"You always make things amazing!","positive"
"This is utter bullshit.","negative"
"I don't have any feelings about it.","neutral"
"How are you today?","neutral"
"I'm feeling great, thanks for asking!","positive"
"Can you help me with this task?","neutral"
"You handled that situation really well.","positive"
"What's the weather like outside?","neutral"
"You always have the best ideas.","positive"
"Are you free this weekend?","neutral"
"Your presentation was fantastic!","positive"
"Do you need any help with that?","neutral"
"You are always so helpful.","positive"
"What time is the meeting?","neutral"
"I really admire your work ethic.","positive"
"Can we reschedule our appointment?","neutral"
"You did an outstanding job!","positive"
"Where did you park your car?","neutral"
"You're a great team player.","positive"
"How was your weekend?","neutral"
"Your support means a lot to me.","positive"
"What's the plan for tonight?","neutral"
"You always bring a positive vibe.","positive"
"Do you want to grab coffee later?","neutral"
"You're incredibly talented.","positive"
"What are your plans for the holidays?","neutral"
"I appreciate your feedback.","positive"
"Can you send me the file?","neutral"
"You have a great sense of humor.","positive"
"How was your lunch?","neutral"
"You're always so thoughtful.","positive"
"What did you do yesterday?","neutral"
"Your creativity is impressive.","positive"
"Can you pass me the salt?","neutral"
"You always know the right thing to say.","positive"
"Are you coming to the party?","neutral"
"You have a wonderful way with words.","positive"
"What's the next step in the project?","neutral"
"You are a natural leader.","positive"
"Can we talk about this later?","neutral"
"You did a marvelous job on this!","positive"
"What's on the agenda for today?","neutral"
"Your dedication is truly inspiring.","positive"
"Do you want to join us for dinner?","neutral"
"You always make me smile.","positive"
"What did you think of the movie?","neutral"
"You have an amazing talent for this.","positive"
"Where should we go for lunch?","neutral"
"You're doing a fantastic job.","positive"
"What time are we meeting?","neutral"
"Your attention to detail is remarkable.","positive"
"Can I ask you a quick question?","neutral"
"You're an amazing friend.","positive"
"Do you have a minute?","neutral"
"You have a great attitude.","positive"
"What are you reading?","neutral"
"You always make things better.","positive"
"How was your vacation?","neutral"
"Your positivity is contagious.","positive"
"How was your meeting?","neutral"
"You're always so punctual.","positive"
"What time is it?","neutral"
"You handled that situation really well.","positive"
"Do you need any help with that?","neutral"
"You have a great sense of humor.","positive"
"Can you send me the document?","neutral"
"Your creativity is impressive.","positive"
"Where is the nearest coffee shop?","neutral"
"You always bring a positive vibe.","positive"
"What's the weather like today?","neutral"
"You did a fantastic job!","positive"
"Do you have any plans for the weekend?","neutral"
"You are an amazing friend.","positive"
"How was your lunch?","neutral"
"You always know the right thing to say.","positive"
"Can you help me with this problem?","neutral"
"Your attention to detail is remarkable.","positive"
"What time is our appointment?","neutral"
"You did an excellent job on this project.","positive"
"Do you want to go for a walk?","neutral"
"You always make things better.","positive"
"Can we reschedule our meeting?","neutral"
"You have a wonderful way with words.","positive"
"What's the plan for tonight?","neutral"
"You are incredibly talented.","positive"
"Do you want to join us for dinner?","neutral"
"You did a marvelous job on this!","positive"
"What did you think of the presentation?","neutral"
"You are a natural leader.","positive"
"Can I ask you a question?","neutral"
"You have an amazing talent for this.","positive"
"What time does the movie start?","neutral"
"You always make me smile.","positive"
"How was your weekend?","neutral"
"Your support means a lot to me.","positive"
"Do you have a moment?","neutral"
"You are always so thoughtful.","positive"
"What did you do yesterday?","neutral"
"You are a great team player.","positive"
"Can you pass the salt?","neutral"
"You have a great attitude.","positive"
"What are your plans for the holidays?","neutral"
"You always bring out the best in people.","positive"
"Where did you park your car?","neutral"
"You are very knowledgeable.","positive"
"How was your day?","neutral"
"You are so kind.","positive"
"What time is the meeting?","neutral"
"You always know how to make me laugh.","positive"
"Can you help me find this item?","neutral"
"You are an excellent listener.","positive"
"What time should we leave?","neutral"
"You did a great job!","positive"
"What's the plan for today?","neutral"
"You have a wonderful smile.","positive"
"Do you need anything from the store?","neutral"
"You are always so helpful.","positive"
"What time does the meeting start?","neutral"
"You are very talented.","positive"
"How are you feeling today?","neutral"
"You did an outstanding job!","positive"
"What time are we meeting?","neutral"
"You always make things look easy.","positive"
"What's on your mind?","neutral"
"You are very creative.","positive"
"Can you give me a hand with this?","neutral"
"You are very resourceful.","positive"
"What did you think of the movie?","neutral"
"You are a very hard worker.","positive"
"Do you have any suggestions?","neutral"
"You are very reliable.","positive"
"What time is the appointment?","neutral"
"You always know what to say.","positive"
"Can we talk about this later?","neutral"
"You are very understanding.","positive"
"What's the schedule for today?","neutral"
"You are a wonderful person.","positive"
"Do you need any help?","neutral"
"You are very thoughtful.","positive"
"What did you have for lunch?","neutral"
"You always have great ideas.","positive"
"Can I borrow your pen?","neutral"
"You are very dependable.","positive"
"What's your favorite color?","neutral"
"You are always so cheerful.","positive"
"Do you have any questions?","neutral"
"You are very dedicated.","positive"
"What time is it now?","neutral"
"You always make people feel welcome.","positive"
"Can you help me with this?","neutral"
"You are very patient.","positive"
"What do you want for dinner?","neutral"
"You are always so positive.","positive"
"Do you need anything?","neutral"
"You are very talented.","positive"
"What time should we meet?","neutral"
"You always make things better.","positive"
"Can you call me later?","neutral"
"You are very generous.","positive"
"What's for dinner tonight?","neutral"
"You always brighten my day.","positive"
"Do you have a pen?","neutral"
"You are very thoughtful.","positive"
"What time do we start?","neutral"
"You always make people feel special.","positive"
"Can we talk?","neutral"
"You are very talented.","positive"
"What's your opinion on this?","neutral"
"You always have a positive outlook.","positive"
"Do you have any free time?","neutral"
"You are very skilled.","positive"
"What did you have for breakfast?","neutral"
"You always bring joy to others.","positive"
"Can you show me how to do this?","neutral"
"You are very understanding.","positive"
"What's the plan for today?","neutral"
"You always make things look easy.","positive"
"How was your weekend?","neutral"
"Your support means a lot to me.","positive"
"Do you have a moment?","neutral"
"You are always so thoughtful.","positive"
"What did you do yesterday?","neutral"
"You are a great team player.","positive"
"Can you pass the salt?","neutral"
"You have a great attitude.","positive"
"What are your plans for the holidays?","neutral"
"You always bring out the best in people.","positive"
"Where did you park your car?","neutral"
"You are incredibly talented.","positive"
"How was your day?","neutral"
"You are so kind.","positive"
"What time is the meeting?","neutral"
"You always know how to make me laugh.","positive"
"Can you help me find this item?","neutral"
"Your attention to detail is remarkable.","positive"
"What time is our appointment?","neutral"
"You did an excellent job on this project.","positive"
"Do you want to go for a walk?","neutral"
"You always make things better.","positive"
"Can we reschedule our meeting?","neutral"
"You have a wonderful way with words.","positive"
"What's the plan for tonight?","neutral"
"You are incredibly talented.","positive"
"Do you want to join us for dinner?","neutral"
"You did a marvelous job on this!","positive"
"What did you think of the presentation?","neutral"
"You are a natural leader.","positive"
"Can I ask you a question?","neutral"
"You have an amazing talent for this.","positive"
"What time does the movie start?","neutral"
"You always make me smile.","positive"
"How was your weekend?","neutral"
"Your support means a lot to me.","positive"
"Do you have a moment?","neutral"
"You are always so thoughtful.","positive"
"What did you do yesterday?","neutral"
"You are a great team player.","positive"
"You're such a fucking loser.","negative"
"Why are you such a fucking idiot?","negative"
"You're a waste of fucking space.","negative"
"Go fuck yourself, asshole.","negative"
"Nobody fucking likes you.","negative"
"You're fucking ugly inside and out.","negative"
"You're a pathetic fucking excuse for a human being.","negative"
"I hope you fucking fail at everything you do.","negative"
"You're a total fucking disappointment.","negative"
"You're just a fucking piece of trash.","negative"
"You're a fucking waste of oxygen.","negative"
"Shut the fuck up, you worthless piece of shit.","negative"
"You're a fucking joke, no one takes you seriously.","negative"
"Fuck off and die in a ditch somewhere.","negative"
"You're so fucking pathetic, it's embarrassing.","negative"
"No one fucking cares about you or your opinions.","negative"
"You're a fucking stain on humanity.","negative"
"I fucking hate you and everything you stand for.","negative"
"You're a fucking disgrace to your family.","negative"
"Go fuck yourself, you worthless piece of garbage.","negative"
"You're incredibly talented.","positive"
"I admire your determination.","positive"
"You have a heart of gold.","positive"
"You're a true inspiration.","positive"
"Your kindness knows no bounds.","positive"
"You're a shining example to us all.","positive"
"Your positivity is contagious.","positive"
"You're a ray of sunshine on a cloudy day.","positive"
"I'm constantly amazed by your creativity.","positive"
"You're a real go-getter.","positive"
"Your work ethic is truly admirable.","positive"
"You have an incredible knack for problem-solving.","positive"
"Your intelligence shines through in everything you do.","positive"
"You're a natural leader.","positive"
"Your dedication is unmatched.","positive"
"You have such a positive outlook on life.","positive"
"You're always willing to lend a helping hand.","positive"
"Your passion is truly inspiring.","positive"
"You have a heart as big as the ocean.","positive"
"You're a true team player.","positive"
"Your commitment to excellence is commendable.","positive"
"You're a real asset to the team.","positive"
"Your positivity is a breath of fresh air.","positive"
"You're a role model for us all.","positive"
"Your kindness is truly appreciated.","positive"
"You have a heart of gold.","positive"
"You're a true inspiration.","positive"
"Your kindness knows no bounds.","positive"
"You're a shining example to us all.","positive"
"Your positivity is contagious.","positive"
"You're a ray of sunshine on a cloudy day.","positive"
"I'm constantly amazed by your creativity.","positive"
"You're a real go-getter.","positive"
"Your work ethic is truly admirable.","positive"
"You have an incredible knack for problem-solving.","positive"
"Your intelligence shines through in everything you do.","positive"
"You're a natural leader.","positive"
"Your dedication is unmatched.","positive"
"You have such a positive outlook on life.","positive"
"You're always willing to lend a helping hand.","positive"
"Your passion is truly inspiring.","positive"
"You have a heart as big as the ocean.","positive"
"You're a true team player.","positive"
"Your commitment to excellence is commendable.","positive"
"You're a real asset to the team.","positive"
"Your positivity is a breath of fresh air.","positive"
"You're a role model for us all.","positive"
"Your kindness is truly appreciated.","positive"
"You're incredibly talented.","positive"
"I admire your determination.","positive"
"You have a heart of gold.","positive"
"You're a true inspiration.","positive"
"Your kindness knows no bounds.","positive"
"You're a shining example to us all.","positive"
"Your positivity is contagious.","positive"
"You're a ray of sunshine on a cloudy day.","positive"
"I'm constantly amazed by your creativity.","positive"
"You're a real go-getter.","positive"
"Your work ethic is truly admirable.","positive"
"You have an incredible knack for problem-solving.","positive"
"Your intelligence shines through in everything you do.","positive"
"You're a natural leader.","positive"
"Your dedication is unmatched.","positive"
"You have such a positive outlook on life.","positive"
"You're always willing to lend a helping hand.","positive"
"Your passion is truly inspiring.","positive"
"You have a heart as big as the ocean.","positive"
"You're a true team player.","positive"
"Your commitment to excellence is commendable.","positive"
"You're a real asset to the team.","positive"
"Your positivity is a breath of fresh air.","positive"
"You're a role model for us all.","positive"
"Your kindness is truly appreciated.","positive"
"I have a question about this topic.","neutral"
"Can you help me understand this concept?","neutral"
"I'm a bit confused about this part.","neutral"
"Could you clarify this for me?","neutral"
"I'm not sure I understand what you mean.","neutral"
"Sorry, I didn't catch that. Could you repeat it?","neutral"
"I'm having trouble with this problem.","neutral"
"Do you mind if I ask a question?","neutral"
"Could you explain this to me again?","neutral"
"I'm not following. Can you explain it differently?","neutral"
"I'm having difficulty grasping this concept.","neutral"
"I'm struggling to understand this part.","neutral"
"I'm a bit lost. Could you help me?","neutral"
"I need some help with this. Can you assist me?","neutral"
"I'm not sure about this. Can you clarify?","neutral"
"Sorry to bother you, but I have a question.","neutral"
"I'm having a hard time figuring this out.","neutral"
"I'm a bit stuck here. Can you give me a hand?","neutral"
"I'm not quite getting it. Can you explain once more?","neutral"
"I'm finding this confusing. Can you help me understand?","neutral"
"I need some clarification on this point.","neutral"
"I'm struggling with this. Can you explain it more simply?","neutral"
"I'm having trouble following along. Can you explain it step by step?","neutral"
"I'm a bit lost. Can you explain it in simpler terms?","neutral"
"I'm not sure what you mean. Can you elaborate?","neutral"
"I'm having difficulty understanding. Can you break it down for me?","neutral"
"I'm not sure if I understand. Can you explain further?","neutral"
"I'm a bit confused. Can you clarify this for me?","neutral"
"I'm not sure about this. Can you explain?","neutral"
"I'm having trouble following. Can you explain again?","neutral"
"I'm not sure I understand. Can you explain it differently?","neutral"
"I'm a bit lost. Can you help me understand?","neutral"
"I'm struggling to understand this concept. Can you explain it in simpler terms?","neutral"
"I'm having trouble with this problem. Can you walk me through it?","neutral"
"I'm a bit confused about this part. Can you clarify?","neutral"
"I'm not sure I understand what you mean. Can you explain further?","neutral"
"I'm having difficulty grasping this concept. Can you explain it again?","neutral"
"I'm struggling with this. Can you explain it more simply?","neutral"
"I'm not following. Can you explain it differently?","neutral"
"I'm having a hard time figuring this out. Can you help me?","neutral"
"I'm a bit stuck here. Can you give me a hand?","neutral"
"I'm not quite getting it. Can you explain once more?","neutral"
"I'm finding this confusing. Can you help me understand?","neutral"
"I need some clarification on this point. Can you clarify?","neutral"
"I'm struggling to understand. Can you break it down for me?","neutral"
"I'm not sure what you mean. Can you elaborate?","neutral"
"I'm having difficulty understanding. Can you explain it differently?","neutral"
"I'm not sure if I understand. Can you explain further?","neutral"
"I'm a bit confused. Can you explain it in simpler terms?","neutral"
"I'm not sure about this. Can you explain?","neutral"
"I'm having trouble following. Can you explain again?","neutral"
"I'm not sure I understand. Can you explain it differently?","neutral"
"I'm a bit lost. Can you help me understand?","neutral"
"I'm struggling to understand this concept. Can you explain it in simpler terms?","neutral"
"I'm having trouble with this problem. Can you walk me through it?","neutral"
"I'm a bit confused about this part. Can you clarify?","neutral"
"I'm not sure I understand what you mean. Can you explain further?","neutral"
"I'm having difficulty grasping this concept. Can you explain it again?","neutral"
"I'm struggling with this. Can you explain it more simply?","neutral"
"I'm not following. Can you explain it differently?","neutral"
"I'm having a hard time figuring this out. Can you help me?","neutral"
"I'm a bit stuck here. Can you give me a hand?","neutral"
"I'm not quite getting it. Can you explain once more?","neutral"
"I'm finding this confusing. Can you help me understand?","neutral"
"I need some clarification on this point. Can you clarify?","neutral"
"I'm struggling to understand. Can you break it down for me?","neutral"
"I'm not sure what you mean. Can you elaborate?","neutral"
"I'm having difficulty understanding. Can you explain it differently?","neutral"
"I'm not sure if I understand. Can you explain further?","neutral"
"I'm a bit confused. Can you explain it in simpler terms?","neutral"
"I'm not sure about this. Can you explain?","neutral"
"I'm having trouble following. Can you explain again?","neutral"
"I'm not sure I understand. Can you explain it differently?","neutral"
"I'm a bit lost. Can you help me understand?","neutral"
"I'm struggling to understand this concept. Can you explain it in simpler terms?","neutral"
"I'm having trouble with this problem. Can you walk me through it?","neutral"
"I'm a bit confused about this part. Can you clarify?","neutral"
"I'm not sure I understand what you mean. Can you explain further?","neutral"
"I'm having difficulty grasping this concept. Can you explain it again?","neutral"
"I'm struggling with this. Can you explain it more simply?","neutral"
"I'm not following. Can you explain it differently?","neutral"
"I'm having a hard time figuring this out. Can you help me?","neutral"
"I'm a bit stuck here. Can you give me a hand?","neutral"
"I'm not quite getting it. Can you explain once more?","neutral"
"I'm finding this confusing. Can you help me understand?","neutral"
"I need some clarification on this point. Can you clarify?","neutral"
"I'm struggling to understand. Can you break it down for me?","neutral"
"I'm not sure what you mean. Can you elaborate?","neutral"
"I'm having difficulty understanding. Can you explain it differently?","neutral"
"I'm not sure if I understand. Can you explain further?","neutral"
"I'm a bit confused. Can you explain it in simpler terms?","neutral"
"I'm not sure about this. Can you explain?","neutral"
"I'm having trouble following. Can you explain again?","neutral"
"I'm not sure I understand. Can you explain it differently?","neutral"
"I'm a bit lost. Can you help me understand?","neutral"
"I'm struggling to understand this concept. Can you explain it in simpler terms?","neutral"
"I'm having trouble with this problem. Can you walk me through it?","neutral"
"I'm a bit confused about this part. Can you clarify?","neutral"
"I'm not sure I understand what you mean. Can you explain further?","neutral"
"I'm having difficulty grasping this concept. Can you explain it again?","neutral"
"I'm struggling with this. Can you explain it more simply?","neutral"
"I'm not following. Can you explain it differently?","neutral"
"I'm having a hard time figuring this out. Can you help me?","neutral"
"I'm a bit stuck here. Can you give me a hand?","neutral"
"I'm not quite getting it. Can you explain once more?","neutral"
"I'm finding this confusing. Can you help me understand?","neutral"
"I need some clarification on this point. Can you clarify?","neutral"
"I'm struggling to understand. Can you break it down for me?","neutral"
"I'm not sure what you mean. Can you elaborate?","neutral"
"I'm having difficulty understanding. Can you explain it differently?","neutral"
"I'm not sure if I understand. Can you explain further?","neutral"
"Thank you for explaining that.","positive"
"I understand now, thanks.","positive"
"That makes sense, thanks for clarifying.","positive"
"I've got it now, thanks for your help.","positive"
"I see what you mean, thanks for explaining.","positive"
"It's clear to me now, thank you.","positive"
"I appreciate your explanation, thank you.","positive"
"Thanks, that clears things up.","positive"
"I'm glad you explained that, thanks.","positive"
"Thanks for taking the time to explain that.","positive"
"I understand better now, thanks to you.","positive"
"Thanks for helping me understand that better.","positive"
"I'm grateful for your explanation, thank you.","positive"
"That was a great explanation, thanks.","positive"
"I've got a better grasp on it now, thanks.","positive"
"Thanks for clearing that up for me.","positive"
"I understand the concept now, thanks to you.","positive"
"Thank you for making that clearer.","positive"
"I'm grateful for your help in understanding this.","positive"
"Thanks for breaking it down for me.","positive"
"I appreciate your explanation, it helped a lot.","positive"
"Thanks for helping me see that clearly.","positive"
"I understand now, thanks to your explanation.","positive"
"Thanks for helping me figure that out.","positive"
"I'm grateful for your patience in explaining.","positive"
"Thank you for guiding me through that.","positive"
"Thanks for making it easier to understand.","positive"
"I've got a better understanding now, thanks to you.","positive"
"Thanks for clarifying that for me.","positive"
"I'm glad you explained that, it makes sense now.","positive"
"Thanks for helping me see it from a different angle.","positive"
"I understand better now, thanks to your explanation.","positive"
"Thank you for shedding light on that for me.","positive"
"Thanks for the detailed explanation, it really helped.","positive"
"I appreciate your explanation, it was very helpful.","positive"
"Thanks for the clarification, I understand now.","positive"
"I've got a clearer picture now, thanks to you.","positive"
"Thanks for helping me grasp that concept.","positive"
"I understand now, thanks to your explanation.","positive"
"Thanks for helping me figure that out.","positive"
"I'm grateful for your patience in explaining.","positive"
"Thank you for guiding me through that.","positive"
"Thanks for making it easier to understand.","positive"
"I've got a better understanding now, thanks to you.","positive"
"Thanks for clarifying that for me.","positive"
"I'm glad you explained that, it makes sense now.","positive"
"Thanks for helping me see it from a different angle.","positive"
"I understand better now, thanks to your explanation.","positive"
"Thank you for shedding light on that for me.","positive"
"Thanks for the detailed explanation, it really helped.","positive"
"I appreciate your explanation, it was very helpful.","positive"
"Thanks for the clarification, I understand now.","positive"
"I've got a clearer picture now, thanks to you.","positive"
"Thanks for helping me grasp that concept.","positive"
"I appreciate your patience in explaining.","positive"
"Thank you for guiding me through that.","positive"
"Thanks for making it easier to understand.","positive"
"I've got a better understanding now, thanks to you.","positive"
"Thanks for clarifying that for me.","positive"
"I'm glad you explained that, it makes sense now.","positive"
"Thanks for helping me see it from a different angle.","positive"
"I understand better now, thanks to your explanation.","positive"
"Thank you for shedding light on that for me.","positive"
"Thanks for the detailed explanation, it really helped.","positive"
"I appreciate your explanation, it was very helpful.","positive"
"Thanks for the clarification, I understand now.","positive"
"I've got a clearer picture now, thanks to you.","positive"
"Thanks for helping me grasp that concept.","positive"
"I understand now, thanks to your explanation.","positive"
"Thanks for helping me figure that out.","positive"
"I'm grateful for your patience in explaining.","positive"
"Thank you for guiding me through that.","positive"
"Thanks for making it easier to understand.","positive"
"I've got a better understanding now, thanks to you.","positive"
"Thanks for clarifying that for me.","positive"
"I'm glad you explained that, it makes sense now.","positive"
"Thanks for helping me see it from a different angle.","positive"
"I understand better now, thanks to your explanation.","positive"
"Thank you for shedding light on that for me.","positive"
"Thanks for the detailed explanation, it really helped.","positive"
"I appreciate your explanation, it was very helpful.","positive"
"Thanks for the clarification, I understand now.","positive"
"I've got a clearer picture now, thanks to you.","positive"
"Thanks for helping me grasp that concept.","positive"
"You're doing a great job!","positive"
"I'm so proud of you!","positive"
"You're really improving!","positive"
"You're so smart!","positive"
"You're a fast learner!","positive"
"You're so creative!","positive"
"You're a great helper!","positive"
"You're so kind!","positive"
"You're really good at that!","positive"
"You're so thoughtful!","positive"
"You're a good listener!","positive"
"You're a good friend!","positive"
"You're so brave!","positive"
"You're so responsible!","positive"
"You're really polite!","positive"
"You're so imaginative!","positive"
"You're a great problem solver!","positive"
"You're really patient!","positive"
"You're so helpful!","positive"
"You're a good sport!","positive"
"You're so caring!","positive"
"You're a good sharer!","positive"
"You're so respectful!","positive"
"You're really creative!","positive"
"You're a great leader!","positive"
"You're so generous!","positive"
"You're really good at trying new things!","positive"
"You're so good at making friends!","positive"
"You're so good at following directions!","positive"
"You're really good at sharing!","positive"
"You're so good at taking turns!","positive"
"You're really good at listening!","positive"
"You're so good at cleaning up!","positive"
"You're really good at waiting!","positive"
"You're so good at taking care of your things!","positive"
"You're so good at trying your best!","positive"
"You're really good at being a good friend!","positive"
"You're so good at being kind!","positive"
"You're really good at being respectful!","positive"
"You're so good at being responsible!","positive"
"You're really good at being brave!","positive"
"You're so good at being caring!","positive"
"You're really good at being patient!","positive"
"You're so good at being helpful!","positive"
"You're really good at being a good sport!","positive"
"You're so good at being generous!","positive"
"You need to try harder.","neutral"
"You're not listening.","neutral"
"You're not paying attention.","neutral"
"You're not following directions.","neutral"
"You're not being respectful.","neutral"
"You're not being responsible.","neutral"
"You're not being kind.","neutral"
"You're not being considerate.","neutral"
"You're not being helpful.","neutral"
"You're not being cooperative.","neutral"
"You're not trying your best.","neutral"
"You're not being honest.","neutral"
"You're not being fair.","neutral"
"You're not being polite.","neutral"
"You're not being respectful to others.","neutral"
"You're not being a good friend.","neutral"
"You're not being understanding.","neutral"
"You're not being patient.","neutral"
"You're not being considerate of others.","neutral"
"You're not being a good sport.","neutral"
"You're not being a good listener.","neutral"
"You're not being a good team player.","neutral"
"You're not being supportive.","neutral"
"You're not being respectful to authority.","neutral"
"You're not being honest with yourself.","neutral"
"You're not being respectful of others' opinions.","neutral"
"You're not being considerate of others' feelings.","neutral"
"You're not being responsible with your actions.","neutral"
"You're not being respectful of others' belongings.","neutral"
"You're not being fair to others.","neutral"
"You're not being kind to others.","neutral"
"You're not being considerate of others' needs.","neutral"
"You're not being respectful of others' boundaries.","neutral"
"You're not being supportive of others.","neutral"
"You're not being understanding of others' perspectives.","neutral"
"You're not being patient with others.","neutral"
"You're not being considerate of others' time.","neutral"
"You're not being respectful of others' privacy.","neutral"
"You're not being understanding of others' emotions.","neutral"
"You're not being supportive of others' goals.","neutral"
"You're not being honest with others.","neutral"
"You're not being fair to others in your decisions.","neutral"
"You're not being kind to others in your actions.","neutral"
"You're not being respectful to others in your words.","neutral"
"Tumhari muskurahat bahut khubsurat hai!","positive"
"Tumhara saath mujhe bahut achha lagta hai.","positive"
"Tumhara dosti kaabil-e-taarif hai.","positive"
"Tumne bahut mehnat ki hai, aur iska natija acha hai.","positive"
"Tumhari madhur awaz sunne mein bahut sukhad hai.","positive"
"Tumhara saath mere liye mahatvapurn hai.","positive"
"Tumhari soch bahut gehri aur samajhdar hai.","positive"
"Tumhara saath har mushkil mein sahara hai.","positive"
"Tumhara josh aur hausla mujhe prerna deta hai.","positive"
"Tumhari pratibha aur kala ko dekh kar wah wah kehna banta hai!","positive"
"Tumhara saath mere din ko roshan kar deta hai.","positive"
"Tumhari samajh aur sahara mere liye anmol hai.","positive"
"Tumhari shayari dil ko chhu jaati hai.","positive"
"Tumhara dosti keemat se bhi upar hai.","positive"
"Tumhara saath mere jeevan mein khushiyan bhar deta hai.","positive"
"Tumhari har baat dil ko sukoon deti hai.","positive"
"Tumhara saath mere liye bhagwan ka vardaan hai.","positive"
"Tumhara saath mere liye sab kuch hai.","positive"
"Tumhara muskurana mere liye sabse bada dhan hai.","positive"
"Tumhara saath mere jeevan mein rang bhar deta hai.","positive"
"Tumhara saath mere jeevan mein khushiyan laata hai.","positive"
"Tumhari har muskurahat mere liye kimti hai.","positive"
"Tumhara saath mere jeevan mein ek nayi roshni laata hai.","positive"
"Tumhara dosti mere liye sab kuch hai.","positive"
"Tumhara saath mere jeevan mein ek nayi umang bhar deta hai.","positive"
"Tumhara saath mere jeevan mein ek naya mod laata hai.","positive"
"Tumhara saath mere jeevan mein ek naya rang bhar deta hai.","positive"
"Tumhara saath mere jeevan mein ek nayi khushi laata hai.","positive"
"Tumhari har baat mere dil ko choo jaati hai.","positive"
"Tumhara saath mere liye bhagwan ka tohfa hai.","positive"
"Tumhari dosti mere liye anmol hai.","positive"
"Tumhara saath mere jeevan mein ek naya saathi laata hai.","positive"
"Tumhara saath mere jeevan mein ek naya rang bhar deta hai.","positive"
"Tumhara saath mere jeevan mein ek nayi khushi laata hai.","positive"
"Tumhari har muskurahat mere dil ko khush kar deti hai.","positive"
"Tumhara saath mere jeevan mein ek nayi umang bhar deta hai.","positive"
"Tumhara saath mere jeevan mein ek naya mod laata hai.","positive"
"Tumhari har baat mere dil ko chu jaati hai.","positive"
"Tumhara saath mere jeevan mein ek nayi roshni laata hai.","positive"
"Tumhara dosti mere liye sabse kimti hai.","positive"
"Tumhara saath mere jeevan mein ek naya saathi laata hai.","positive"
"Tumhara saath mere jeevan mein ek naya rang bhar deta hai.","positive"
"Tumhari har baat mere mann ko chhu jaati hai.","positive"
"Tumhara saath mere jeevan mein ek naya mod laata hai.","positive"
"Tumhari har muskurahat mere dil ko khush kar deti hai.","positive"
"Tumhara saath mere jeevan mein ek nayi umang bhar deta hai.","positive"
"Tumhara saath mere jeevan mein ek naya mod laata hai.","positive"
"Tumhari har baat mere mann ko chu jaati hai.","positive"
"Tumhara saath mere jeevan mein ek nayi roshni laata hai.","positive"
"Tumhara dosti mere liye sabse kimti hai.","positive"
"Tumhara saath mere jeevan mein ek naya saathi laata hai.","positive"
"Tumhara saath mere jeevan mein ek naya rang bhar deta hai.","positive"
"Tumhari har baat mere dil ko chu jaati hai.","positive"
"Tumhara saath mere jeevan mein ek naya mod laata hai.","positive"
"Tumhari har muskurahat mere dil ko khush kar deti hai.","positive"
"Tumhara saath mere jeevan mein ek nayi umang bhar deta hai.","positive"
"Tumhara saath mere jeevan mein ek naya mod laata hai.","positive"
"Tumhari har baat mere mann ko chu jaati hai.","positive"
"Tumhara saath mere jeevan mein ek nayi roshni laata hai.","positive"
"Tumhara dosti mere liye sabse kimti hai.","positive"
"Tumhara saath mere jeevan mein ek naya saathi laata hai.","positive"
"Tumhara saath mere jeevan mein ek naya rang bhar deta hai.","positive"
"Mujhe ek sawal poochna hai...","doubt"
"Mujhe thoda confusion ho raha hai...","doubt"
"Kya aap mujhe is baare mein thoda aur samjha sakte hain?","doubt"
"Mujhe yeh samajh mein nahi aa raha hai...","doubt"
"Kya aap mujhe is topic mein madad kar sakte hain?","doubt"
"Yeh cheez samajh mein nahi aa rahi hai, kya aap mujhe aur detail mein samjha sakte hain?","doubt"
"Mujhe lagta hai main kuch galat kar raha hoon, kya aap mujhe sahi rasta dikha sakte hain?","doubt"
"Kya aap mujhe yeh cheez ek baar aur explain kar sakte hain?","doubt"
"Mujhe is concept mein kuch samajh nahi aa raha hai, kya aap mujhe thoda aur clarify kar sakte hain?","doubt"
"Kya aap mujhe is baat ka thoda aur context de sakte hain?","doubt"
"Kya aap mujhe is topic ko samjha sakte hain?","doubt"
"Mujhe is baare mein aur jaankaari chahiye.","doubt"
"Kya aap mujhe is mudde mein thoda aur guidance de sakte hain?","doubt"
"Mujhe is baat ka matlab samajh nahi aa raha hai.","doubt"
"Kya aap mujhe is vishay mein kuch aur examples de sakte hain?","doubt"
"Mujhe yeh concept clear nahi hai, kya aap mujhe aur explain kar sakte hain?","doubt"
"Kya aap mujhe is samasya ka samadhan bata sakte hain?","doubt"
"Mujhe yeh samajh nahi aa raha hai, kya aap ek aur tareeke se explain kar sakte hain?","doubt"
"Kya aap mujhe is concept ko ek alag angle se dekhne ki salah denge?","doubt"
"Mujhe is baat ka logic samajh nahi aa raha hai, kya aap mujhe help kar sakte hain?","doubt"
"Kya aap mujhe is mudde ko aur samjhane ki koshish kar sakte hain?","doubt"
"Mujhe lagta hai ki main is topic ko samajhne mein thoda peeche hoon, kya aap mujhe madad kar sakte hain?","doubt"
"Kya aap mujhe is vishay mein thoda aur depth mein samjha sakte hain?","doubt"
"Mujhe is baare mein aur vistar se jaankari chahiye, kya aap mujhe guide kar sakte hain?","doubt"
"Kya aap mujhe is concept ko practical example ke through samjha sakte hain?","doubt"
"Mujhe is mudde mein kuch clarity chahiye, kya aap mujhe aur explain kar sakte hain?","doubt"
"Kya aap mujhe is samasya ka ek aur approach bata sakte hain?","doubt"
"Mujhe yeh nahi samajh aa raha hai, kya aap ek simple tareeke se explain kar sakte hain?","doubt"
"Kya aap mujhe is topic ko aur detail mein samjha sakte hain?","doubt"
"Mujhe is baat ka logic samajh nahi aa raha hai, kya aap mujhe ek example de sakte hain?","doubt"
"Kya aap mujhe is concept ko ek different angle se dekhne ki salah denge?","doubt"
"Mujhe is mudde mein thoda aur research karna padega, kya aap mujhe guide kar sakte hain?","doubt"
"Kya aap mujhe is vishay ko aur samjha sakte hain, mujhe lag raha hai ki main ise miss kar raha hoon.","doubt"
"Mujhe yeh samajh nahi aa raha hai, kya aap ek diagram ke through explain kar sakte hain?","doubt"
"Kya aap mujhe is topic ko ek different context mein samjha sakte hain?","doubt"
"Mujhe lag raha hai ki main is concept ko galat samajh raha hoon, kya aap mujhe sahi rasta dikha sakte hain?","doubt"
"Kya aap mujhe is mudde ko aur simple bhasha mein samjha sakte hain?","doubt"
"Mujhe is topic ke baare mein thoda aur padhna hai, kya aap mujhe kuch resources suggest kar sakte hain?","doubt"
"Kya aap mujhe is vishay ko samjha sakte hain, mujhe lag raha hai ki main isse relate nahi kar pa raha hoon.","doubt"
"Mujhe yeh samajh nahi aa raha hai, kya aap ek real-life example denge is concept ka?","doubt"
"Kya aap mujhe is topic ko aur depth mein samjha sakte hain?","doubt"
"Mujhe is mudde ko samajhne mein thodi dikkat ho rahi hai, kya aap mujhe guide kar sakte hain?","doubt"
"Kya aap mujhe is topic ko ek alag tareeke se explain kar sakte hain, mujhe lag raha hai ki main isse galat approach kar raha hoon.","doubt"
"Mujhe yeh samajh nahi aa raha hai, kya aap ek aur tareeke se is concept ko samjha sakte hain?","doubt"
"Kya aap mujhe is mudde ko aur clearly samjha sakte hain?","doubt"
"Mujhe is topic ke baare mein thoda aur research karna padega, kya aap mujhe kuch resources suggest kar sakte hain?","doubt"
"Kya aap mujhe is topic ko aur simple bhasha mein explain kar sakte hain?","doubt"
"Mujhe is topic ke baare mein aur jaankari chahiye, kya aap mujhe guide kar sakte hain?","doubt"
"Kya aap mujhe is mudde ko aur clearly samjha sakte hain, mujhe lag raha hai ki main ise galat samajh raha hoon.","doubt"
"Mujhe is topic ko samajhne mein thoda aur time chahiye, kya aap mujhe thoda aur explain kar sakte hain?","doubt"
"Kya aap mujhe is vishay ko aur clear kar sakte hain, mujhe lag raha hai ki main isse galat samajh raha hoon.","doubt"
"Toh yeh concept yahin se shuru hota hai...","explanation"
"Iska matlab yeh hai ki...","explanation"
"Isko samjhaane ke liye ek simple example lete hain...","explanation"
"Aapne sahi kaha, aur is point ko aur detail mein explain karte hain...","explanation"
"Main thoda slow karke samjha raha hoon, kya ab samajh aa raha hai?","explanation"
"Kisi bhi point mein agar aapko kuch clarify karna ho, toh please pooch sakte hain.","explanation"
"Agar aap is concept ko ek real-life situation mein dekhenge toh yeh aasani se samajh mein aayega.","explanation"
"Kisi bhi point ko skip karne se pehle, kya aapko uss point mein kuch samajh mein nahi aaya?","explanation"
"Yeh concept samajhne ke liye aapko kya lagta hai?","explanation"
"Agar aapko is topic mein aur depth mein jana hai, toh main aur detail mein bata sakta hoon.","explanation"
"Is concept ko samajhne ke liye kuch basic background information bhi zaroori hai.","explanation"
"Kya aapne is point ko samajh liya? Agar nahi, toh main thoda aur detail mein explain kar doon?","explanation"
"Is topic ko samajhne ke liye aapko kuch basic terms ka pata hona chahiye.","explanation"
"Is topic ko clear karne ke liye main ek diagram bana leta hoon, jo concept ko samajhne mein madad karega.","explanation"
"Kya aapko lagta hai ki is topic ko samajhne mein aur kuch time lag sakta hai?","explanation"
"Is point ko samajhne ke liye, ek example se explain karne ki koshish karte hain...","explanation"
"Agar aapko lagta hai ki yeh concept thoda complex hai, toh main ise simplify karne ki koshish karunga...","explanation"
"Is concept ko samajhne ke liye, aapko uske applications ko dekhna chahiye...","explanation"
"Yeh concept ek basic foundation hai, isliye isko samajhna bahut zaroori hai...","explanation"
"Agar aapko koi specific part samajh mein nahi aaya, toh uss part ko highlight karke explain karta hoon...","explanation"
"Is concept ke peeche ka logic samajhna bahut zaroori hai, isliye isko step-by-step samjhaate hain...","explanation"
"Kisi bhi topic ko samajhne ke liye, uske history aur evolution ko samajhna bhi important hai...","explanation"
"Agar aapko yeh concept pehle se familiar nahi hai, toh main ise basic se shuru karta hoon...","explanation"
"Is concept ko samajhne ke liye, uske benefits aur drawbacks ko consider karna bhi important hai...","explanation"
"Is topic ko samajhne ke liye, aapko uske practical applications ko dekhna chahiye...","explanation"
"Yeh concept ek bahut important building block hai, isliye isko achhe se samajhna zaroori hai...","explanation"
"Is topic ko samajhne ke liye, main ek analogy use karta hoon jo aapko relate karne mein madad karegi...","explanation"
"Agar aapko yeh concept samajhne mein time lag raha hai, toh koi baat nahi, main dheere dheere samjhaunga...","explanation"
"Is concept ko samajhne ke liye, aapko uske real-world implications ko samajhna hoga...","explanation"
"Yeh concept ek fundamental principle hai, isliye isko samajhna bahut zaroori hai...","explanation"
"Is topic ko samajhne ke liye, main ek scenario create karta hoon jisme yeh concept apply hota hai...","explanation"
"Agar aapko lagta hai ki yeh concept thoda dry hai, toh main kuch interesting examples add karke samjhaunga...","explanation"
"Is concept ko samajhne ke liye, main ek flowchart ya diagram bana sakta hoon jo aapko visually samjha dega...","explanation"
"Yeh topic thoda technical hai, isliye main ise layman's terms mein explain karne ki koshish karunga...","explanation"
"Is concept ko samajhne ke liye, main ek real-life scenario present karta hoon jisme yeh apply hota hai...","explanation"
"Agar aapko yeh topic samajhne mein koi specific problem hai, toh mujhe bataye, main uss part ko aur detail mein explain karunga...","explanation"
"Is topic ko samajhne ke liye, main ek case study present kar sakta hoon jo is concept ko illustrate karega...","explanation"
"Yeh concept practical life mein bhi apply hota hai, isliye isko samajhna kaafi important hai...","explanation"
"Is concept ko samajhne ke liye, main ek analogy use karta hoon jo aapko familiar hoga...","explanation"
"Agar aapko yeh topic pehle se pata hai, toh main ise aur advanced level par explain kar sakta hoon...","explanation"
"Is topic ko samajhne ke liye, main ek simple story sunata hoon jisse yeh concept samajh mein aata hai...","explanation"
"Yeh concept practical life mein kaise useful hai, iske examples se samajhte hain...","explanation"
"Is concept ko samajhne ke liye, main ek analogy use karta hoon jisse aap ise relate kar sakte hain...","explanation"
"Agar aapko yeh concept samajhne mein koi problem hai, toh main dusre tareeke se bhi explain kar sakta hoon...","explanation"
"Is topic ko samajhne ke liye, main ek simple example lekar samjha sakta hoon...","explanation"
"Yeh concept ek basic principle hai, isliye isko samajhna bahut zaroori hai...","explanation"
"Is concept ko samajhne ke liye, main ek real-life scenario present kar sakta hoon jisme yeh concept apply hota hai...","explanation"
"Agar aapko yeh topic samajhne mein koi difficulty hai, toh main alag alag angle se explain karne ki koshish karunga...","explanation"
"Is topic ko samajhne ke liye, main ek practical example dekar samjha sakta hoon...","explanation"
"Yeh concept ek simple analogy se samajhaya jaa sakta hai...","explanation"
"Is concept ko samajhne ke liye, main ek diagram bana sakta hoon jo aapko step-by-step guide karega...","explanation"
"Agar aapko yeh concept samajhne mein kuch problem ho rahi hai, toh main ek aur approach try kar sakta hoon...","explanation"
"Is topic ko samajhne ke liye, main ek real-life example present kar sakta hoon jisme yeh concept apply hota hai...","explanation"
"Yeh concept ek basic principle hai, isliye isko samajhne se aapko bahut fayda hoga...","explanation"
"Is concept ko samajhne ke liye, main ek analogy use karta hoon jo aapke daily life se related hai...","explanation"
"Agar aapko yeh topic samajhne mein kuch samasya hai, toh main ek aur tareeke se explain karne ki koshish karunga...","explanation"
"Is topic ko samajhne ke liye, main ek real-life scenario present kar sakta hoon jisse aap ise relate kar sakte hain...","explanation"
"Yeh concept ek basic principle hai, isliye isko samajhne se aapko bahut fayda hoga...","explanation"
"Is concept ko samajhne ke liye, main ek practical example dekar samjha sakta hoon...","explanation"
"Yeh concept ek simple analogy se samajhaya jaa sakta hai...","explanation"
"Is topic ko samajhne ke liye, main ek diagram bana sakta hoon jo aapko step-by-step guide karega...","explanation"
"Agar aapko yeh concept samajhne mein kuch problem ho rahi hai, toh main ek aur approach try kar sakta hoon...","explanation"
"Is topic ko samajhne ke liye, main ek real-life example present kar sakta hoon jisme yeh concept apply hota hai...","explanation"
"Yeh concept ek basic principle hai, isliye isko samajhne se aapko bahut fayda hoga...","explanation"
"Is concept ko samajhne ke liye, main ek analogy use karta hoon jo aapke daily life se related hai...","explanation"
"Agar aapko yeh topic samajhne mein kuch samasya hai, toh main ek aur tareeke se explain karne ki koshish karunga...","explanation"
"Is topic ko samajhne ke liye, main ek real-life scenario present kar sakta hoon jisse aap ise relate kar sakte hain...","explanation"
"Kya ab samajh aaya?","conversation"
"Agar koi aur sawal hai toh pooch sakte hain.","conversation"
"Kya aapko ab yeh concept clear hai?","conversation"
"Is topic ko samajhne mein ab koi confusion nahi hona chahiye.","conversation"
"Kya aapko lagta hai ab aap ise apply kar sakte hain?","conversation"
"Yeh concept samajhne ke liye aapne bahut achha kaam kiya hai.","conversation"
"Agar kuch aur clarify karna ho toh mujhe bataiye.","conversation"
"Ab aapko is topic mein comfortable feel hona chahiye.","conversation"
"Kya aapko lagta hai ab aap is concept ko explain kar sakte hain?","conversation"
"Aapne bahut achhe se is topic ko grasp kiya hai.","conversation"
"Kya aapko lagta hai ki ab aap is topic ko samajh gaye hain?","conversation"
"Yeh concept samajhne mein aapne bahut mehnat ki hai, ab aage badh sakte hain.","conversation"
"Agar kuch aur explain karna ho toh mujhe bataye.","conversation"
"Ab aap is topic ko apne tareeke se explain kar sakte hain.","conversation"
"Kya aapko lagta hai ab aap is concept ko apply kar sakte hain?","conversation"
"Kya ab aapko yeh concept samajh aa gaya hai?","conversation"
"Agar koi aur doubt hai toh pooch sakte hain.","conversation"
"Kya aapko lagta hai ab aap is concept ko apply kar sakte hain?","conversation"
"Yeh concept samajhne mein aapne bahut mehnat ki hai, ab aap isko confidently explain kar sakte hain.","conversation"
"Kya aapko lagta hai ki aap ab is topic ko samajh gaye hain?","conversation"
"Ab aap is topic ko apne words mein explain kar sakte hain.","conversation"
"Kya aapko lagta hai ki aap ab is topic ko acche se samajh rahe hain?","conversation"
"Is topic ko samajhne ke liye aapne bahut ache se focus kiya hai.","conversation"
"Kya aapko lagta hai ab aap is concept ko apply kar payenge?","conversation"
"Yeh topic thoda challenging tha, lekin aapne ise achhe se samjha liya hai.","conversation"
"Kya aapko lagta hai ab aap is concept ko apne peers ko explain kar sakte hain?","conversation"
"Is topic ko samajhne ke liye aapne kaafi dedication dikhayi hai.","conversation"
"Kya aapko lagta hai ab aap is topic ko acche se master kar payenge?","conversation"
"Ab aap is topic par confidently discuss kar sakte hain.","conversation"
"Kya aapko lagta hai ab aapko is topic ke baare mein confident feel ho raha hai?","conversation"
"Is topic ko samajhne ke liye aapne kaafi mehnat ki hai, ab aapko is par command hai.","conversation"
"Kya aapko lagta hai ab aap is topic ko real-world situations mein apply kar payenge?","conversation"
"Ab aap is topic ke baare mein kisi ko bhi explain kar sakte hain.","conversation"
"Kya aapko lagta hai ab aap is topic ko practical situations mein use kar sakte hain?","conversation"
"Is topic ko samajhne ke liye aapne bahut achhi strategy use ki hai.","conversation"
"Kya aapko lagta hai ab aap is concept ko real-life examples se relate kar sakte hain?","conversation"
"Ab aap is topic ko apne friends ya colleagues ke saath discuss kar sakte hain.","conversation"
"Kya aapko lagta hai ab aap is topic ko ek beginner ko samjha sakte hain?","conversation"
"Is topic ko samajhne ke liye aapne bahut achha approach use kiya hai.","conversation"
"Kya aapko lagta hai ab aap is concept ko ek advanced level par samajh rahe hain?","conversation"
"Ab aap is topic ko apne daily life examples se relate kar sakte hain.","conversation"
"Kya aapko lagta hai ab aap is topic ko kisi ko teach kar sakte hain?","conversation"
"Is topic ko samajhne ke liye aapne kaafi logical approach use kiya hai.","conversation"
"Kya aapko lagta hai ab aap is topic ko ek expert ki tarah samajh rahe hain?","conversation"
"Ab aap is topic par confident article likh sakte hain.","conversation"
"Kya aapko lagta hai ab aap is concept ko practical applications mein use kar sakte hain?","conversation"
"Is topic ko samajhne ke liye aapne kaafi innovative tareeke use kiye hain.","conversation"
"Kya aapko lagta hai ab aap is topic ko real-life scenarios se connect kar sakte hain?","conversation"
"Ab aap is topic ko ek seminar ya presentation mein present kar sakte hain.","conversation"
"Kya aapko lagta hai ab aap is concept ko ek real-world problem mein apply kar sakte hain?","conversation"
"Is topic ko samajhne ke liye aapne bahut hi systematic approach use kiya hai.","conversation"
"Kya aapko lagta hai ab aap is topic ko kisi ko explain karke impress kar sakte hain?","conversation"
"Ab aap is topic par ek case study bana sakte hain.","conversation"
"Kya aapko lagta hai ab aap is concept ko apne projects mein integrate kar sakte hain?","conversation"
"Is topic ko samajhne ke liye aapne kaafi creative approach use kiya hai.","conversation"
"Kya aapko lagta hai ab aap is topic ko ek new perspective se dekh sakte hain?","conversation"
"Ab aap is topic ko ek blog post mein explain kar sakte hain.","conversation"
"Kya aapko lagta hai ab aap is concept ko ek workshop mein present kar sakte hain?","conversation"
"Is topic ko samajhne ke liye aapne kaafi practical approach use kiya hai.","conversation"
"Kya aapko lagta hai ab aap is topic ko ek naye angle se explore kar sakte hain?","conversation"
"Ab aap is topic ko ek video tutorial mein explain kar sakte hain.","conversation"
"Kya aapko lagta hai ab aap is concept ko ek team ke saath implement kar sakte hain?","conversation"
"Is topic ko samajhne ke liye aapne kaafi research kiya hai, ab aapko is par command hai.","conversation"
"Kya aapko lagta hai ab aap is topic ko ek innovative project mein apply kar sakte hain?","conversation"
"Ab aap is topic ko ek academic paper mein present kar sakte hain.","conversation"
"you are a mother fucker","negative"
"He's such a motherfucking asshole.","negative"
"Stop being a motherfucking asshole.","negative"
"I'm fed up with your motherfucking asshole behavior.","negative"
"You're being a motherfucking asshole.","negative"
"I can't believe you're such a motherfucking asshole.","negative"
"She's always been a motherfucking asshole.","negative"
"He's such a fucking motherasshole sometimes.","negative"
"I'm so sick of his motherfucking asshole attitude.","negative"
"You're acting like a motherfucking asshole.","negative"
"She's such a motherfucking asshole.","negative"
"He's a real motherfucking asshole.","negative"
"Stop being a real motherfucking asshole.","negative"
"I'm fed up with her motherfucking asshole behavior.","negative"
"You're being a real motherfucking asshole.","negative"
"I can't believe she's such a real motherfucking asshole.","negative"
"She's always been a real motherfucking asshole.","negative"
"He's such a real motherfucking asshole sometimes.","negative"
"I'm so sick of your motherfucking asshole attitude.","negative"
"You're acting like a real motherfucking asshole.","negative"
"She's such a real motherfucking asshole.","negative"
"He's a real motherfucking asshole.","negative"
"Stop being such a real motherfucking asshole.","negative"
"I'm fed up with his real motherfucking asshole behavior.","negative"
"You're being such a real motherfucking asshole.","negative"
"I can't believe you're such a real motherfucking asshole.","negative"
"She's always been such a real motherfucking asshole.","negative"
"He's such a real motherfucking asshole sometimes.","negative"
"I'm so sick of her real motherfucking asshole attitude.","negative"
"You're acting like such a real motherfucking asshole.","negative"
"She's such a real motherfucking asshole.","negative"
"He's a motherfucking asshole.","negative"
"you are a motherfucker","negative"
"motherfucker.","negative"
"asshole.","negative"
"mf.","negative"
"bsdk.","negative"
"she is a bitch.","negative"
"bitch.","negative"
"you are a whore.","negative"
"you are a motherfucking bitch.","negative"
